{
    "accuracy": 0.9476495726495726,
    "precision": 0.6825396825396826,
    "recall": 0.9052631578947369,
    "auc": 0.9313283852635705
}
