{
    "accuracy": 0.950328022492971,
    "precision": 0.723404255319149,
    "recall": 0.8793103448275862,
    "auc": 0.9389829664690654
}
