{
    "accuracy": 0.9835013748854262,
    "precision": 0.891156462585034,
    "recall": 0.9849624060150376,
    "auc": 0.981872621930128
}